id,extension_id:id,query_type,server,regex_registrar,regex_registrar_url,regex_domain_status,regex_nameservers,regex_creation_date,regex_updated_date,regex_expiry_date
domain_name_ac_whois,domain_name_ac,"whois","whois.nic.ac","Registrar:(.*?)\n","Registrar URL:(.*?)\n","Domain Status:(.*?)https","Name Server:(.*?)\n","Creation Date:(.*?)\n","Updated Date:(.*?)\n","Registry Expiry Date:(.*?)\n"
domain_name_ad_whois,domain_name_ad,"whois","whois.nic.ad","Registrar:(.*?)\n","Registrar URL:(.*?)\n","Domain Status:(.*?)https","Name Server:(.*?)\n","Creation Date:(.*?)\n","Updated Date:(.*?)\n","Registry Expiry Date:(.*?)\n"
domain_name_ae_whois,domain_name_ae,"whois","whois.aeda.net.ae","Registrar Name:(.*?)\n","","Status:(.*?)\n","Name Server:(.*?)\n","","",""
domain_name_af_whois,domain_name_af,"whois","whois.nic.af","Registrar:(.*?)\n","Registrar URL:(.*?)\n","Domain Status:(.*?)https","Name Server:(.*?)\n","Creation Date:(.*?)\n","Updated Date:(.*?)\n","Registry Expiry Date:(.*?)\n"
domain_name_ag_whois,domain_name_ag,"whois","whois.nic.ag","Registrar:(.*?)\n","Registrar URL:(.*?)\n","Domain Status:(.*?)https","Name Server:(.*?)\n","Creation Date:(.*?)\n","Updated Date:(.*?)\n","Registry Expiry Date:(.*?)\n"
domain_name_ai_whois,domain_name_ai,"whois","whois.nic.ai","Registrar:(.*?)\n","","Domain Status:(.*?)https","Name Server:(.*?)\n","Creation Date:(.*?)\n","",""
domain_name_am_whois,domain_name_am,"whois","whois.amnic.net","Registrar:(.*?)\n","","Status:(.*?)\n","DNS servers:(.*?)Registered:","Registered:(.*?)\n","Last modified:(.*?)\n","Expires:(.*?)\n"
domain_name_ar_whois,domain_name_ar,"whois","whois.nic.ar","registrar:(.*?)\n","","","nserver:(.*?)\n","registered:(.*?)\n","changed:(.*?)expire","expire:(.*?)\n"
domain_name_as_whois,domain_name_as,"whois","whois.nic.as","Registrar:(.*?)Relevant dates:","","Domain Status:(.*?)Registrant:","Name servers:(.*?)WHOIS lookup made on","Registered on(.*?)Registry fee due on","","Registry fee due on(.*?)Registration status"
domain_name_at_whois,domain_name_at,"whois","whois.nic.at","registrar:(.*?)\n","","status:(.*?)\n","nserver:(.*?)\n","","changed:(.*?)\n",""
domain_name_au_whois,domain_name_au,"whois","whois.auda.org.au","Registrar Name:(.*?)\n","Registrar URL:(.*?)\n","Status:(.*?)https","Name Server:(.*?)\n","Creation Date:(.*?)\n","Last Modified:(.*?)\n","Registry Expiry Date:(.*?)\n"
domain_name_aw_whois,domain_name_aw,"whois","whois.nic.aw","Registrar:(?:\r\n|\n)(.*?)\n","","Status:(.*?)\n","Domain nameservers:(.*?)Record maintained by","Creation Date:(.*?)\n","Updated Date:(.*?)\n",""
domain_name_ax_whois,domain_name_ax,"whois","whois.ax","registrar\.{2,}:(.*?)\n","www\.{2,}:(.*?)\n","status\.{2,}:(.*?)\n","nserver\.{2,}:(.*?)\n","created\.{2,}:(.*?)\n","modified\.{2,}:(.*?)\n","available\.{2,}:(.*?)\n"
domain_name_be_whois,domain_name_be,"whois","whois.dns.be","Name:(.*?)Website:","Website:(.*?)\n","Flags:(.*?)Please visit","Nameservers:(.*?)Keys","Registered:(.*?)\n","",""
domain_name_bf_whois,domain_name_bf,"whois","whois.registre.bf","Registrar:(.*?)\n","Registrar URL:(.*?)\n","Domain Status:(.*?)https","Name Server:(.*?)\n","Creation Date:(.*?)\n","Updated Date:(.*?)\n","Registry Expiry Date:(.*?)\n"
domain_name_bg_whois,domain_name_bg,"whois","whois.register.bg","","","registration status:(.*?)\n","NAME SERVER INFORMATION:(.*?)DNSSEC:","","",""
domain_name_bh_whois,domain_name_bh,"whois","whois.nic.bh","Registrar:(.*?)\n","Registrar URL:(.*?)\n","Domain Status:(.*?)https","Name Server:(.*?)\n","Creation Date:(.*?)\n","Updated Date:(.*?)\n","Registry Expiry Date:(.*?)\n"
domain_name_bi_whois,domain_name_bi,"whois","whois1.nic.bi","Registrar:(.*?)\n","Registrar URL:(.*?)\n","Domain Status:(.*?)https","Name Server:(.*?)\n","Creation Date:(.*?)\n","Updated Date:(.*?)\n","Registry Expiry Date:(.*?)\n"
domain_name_bj_whois,domain_name_bj,"whois","whois.nic.bj","Registrar:(.*?)\n","Registrar URL:(.*?)\n","Domain Status:(.*?)https","Name Server:(.*?)\n","Creation Date:(.*?)\n","Updated Date:(.*?)\n","Registry Expiry Date:(.*?)\n"
domain_name_bm_whois,domain_name_bm,"whois","whois.nic.bm","Registrar:(.*?)\n","Registrar URL:(.*?)\n","Domain Status:(.*?)https","Name Server:(.*?)\n","Creation Date:(.*?)\n","Updated Date:(.*?)\n","Registry Expiry Date:(.*?)\n"
domain_name_bn_whois,domain_name_bn,"whois","whois.bnnic.bn","Registrar:(.*?)\n","Registrar URL:(.*?)\n","Domain Status:(.*?)\n","Name Servers:(.+)","Creation Date:(.*?)\n","Modified Date:(.*?)\n","Expiration Date:(.*?)\n"
domain_name_bo_whois,domain_name_bo,"whois","whois.nic.bo","","","","","Fecha de activación:(.*?)\n","","Fecha de corte:(.*?)\n"
domain_name_br_whois,domain_name_br,"whois","whois.registro.br","","","status:(.*?)\n","nserver:(.*?)\n","created:(.*?)#","changed:(.*?)expires","expires:(.*?)\n"
domain_name_bw_whois,domain_name_bw,"whois","registry.nic.net.bw","Registrar:(.*?)\n","Registrar URL:(.*?)\n","Domain Status:(.*?)https","Name Server:(.*?)\n","Creation Date:(.*?)\n","Updated Date:(.*?)\n","Registry Expiry Date:(.*?)\n"
domain_name_by_whois,domain_name_by,"whois","whois.cctld.by","Registrar:(.*?)\n","","","Name Server:(.*?)\n","Creation Date:(.*?)\n","Update Date:(.*?)\n","Expiration Date:(.*?)\n"
domain_name_bz_whois,domain_name_bz,"whois","whois.afilias-srs.net","Registrar:(.*?)\n","Registrar URL:(.*?)\n","Domain Status:(.*?)https","Name Server:(.*?)\n","Creation Date:(.*?)\n","Updated Date:(.*?)\n","Registry Expiry Date:(.*?)\n"
domain_name_ca_whois,domain_name_ca,"whois","whois.cira.ca","Registrar:(.*?)\n","Registrar URL:(.*?)\n","Domain Status:(.*?)https","Name Server:(.*?)\n","Creation Date:(.*?)\n","Updated Date:(.*?)\n","Registry Expiry Date:(.*?)\n"
domain_name_cc_whois,domain_name_cc,"whois","ccwhois.verisign-grs.com","Registrar:(.*?)\n","Registrar URL:(.*?)\n","Domain Status:(.*?)https","Name Server:(.*?)\n","Creation Date:(.*?)\n","Updated Date:(.*?)\n","Registry Expiry Date:(.*?)\n"
domain_name_cd_whois,domain_name_cd,"whois","whois.nic.cd","Registrar:(.*?)\n","Registrar URL:(.*?)\n","Domain Status:(.*?)https","Name Server:(.*?)\n","Creation Date:(.*?)\n","Updated Date:(.*?)\n","Registry Expiry Date:(.*?)\n"

domain_name_ci_whois,domain_name_ci,"whois","whois.nic.ci","Registrar:(.*?)\n","Registrar URL:(.*?)\n","Domain Status:(.*?)https","Name Server:(.*?)\n","Creation Date:(.*?)\n","Updated Date:(.*?)\n","Registry Expiry Date:(.*?)\n"
domain_name_cl_whois,domain_name_cl,"whois","whois.nic.cl","Registrar name:(.*?)\n","Registrar URL:(.*?)\n","Status:(.*?)\n","Name server:(.*?)\n","Creation date:(.*?)\n","Updated date:(.*?)\n","Expiration date:(.*?)\n"
domain_name_cm_whois,domain_name_cm,"whois","whois.netcom.cm","Registrar:(.*?)\n","Registrar URL:(.*?)\n","Domain Status:(.*?)https","Name Server:(.*?)\n","Creation Date:(.*?)\n","Updated Date:(.*?)\n","Registry Expiry Date:(.*?)\n"
domain_name_cn_whois,domain_name_cn,"whois","whois.cnnic.cn","Sponsoring Registrar:(.*?)\n","Registrar URL:(.*?)\n","Domain Status:(.*?)\n","Name Server:(.*?)\n","Registration Time:(.*?)\n","","Expiration Time:(.*?)\n"
domain_name_co_whois,domain_name_co,"whois","whois.nic.co","Registrar:(.*?)\n","Registrar URL:(.*?)\n","Domain Status:(.*?)https","Name Server:(.*?)\n","Creation Date:(.*?)\n","Updated Date:(.*?)\n","Registry Expiry Date:(.*?)\n"
domain_name_cr_whois,domain_name_cr,"whois","whois.nic.cr","registrar:(.*?)\n","","status:(.*?)\n","nserver:(.*?)\n","registered:(.*?)\n","changed:(.*?)expire","expire:(.*?)\n"
domain_name_cv_whois,domain_name_cv,"whois","whois.nic.cv","Registrar:(.*?)\n","Registrar URL:(.*?)\n","Domain Status:(.*?)https","Name Server:(.*?)\n","Creation Date:(.*?)\n","Updated Date:(.*?)\n","Registry Expiry Date:(.*?)\n"
domain_name_cx_whois,domain_name_cx,"whois","whois.nic.cx","Registrar:(.*?)\n","Registrar URL:(.*?)\n","Domain Status:(.*?)https","Name Server:(.*?)\n","Creation Date:(.*?)\n","Updated Date:(.*?)\n","Registry Expiry Date:(.*?)\n"
domain_name_cz_whois,domain_name_cz,"whois","whois.nic.cz","registrar:(.*?)\n","","status:(.*?)\n","nserver:(.*?)\n","registered:(.*?)\n","changed:(.*?)expire","expire:(.*?)\n"
domain_name_de_whois,domain_name_de,"whois","whois.denic.de","","","Status:(.*?)\n","Nserver:(.*?)\n","","Changed:(.*?)\n",""
domain_name_dk_whois,domain_name_dk,"whois","whois.punktum.dk","Registrar:(.*?)\n","","Status:(.*?)\n","Hostname:(.*?)\n","Registered:(.*?)\n","","Expires:(.*?)\n"
domain_name_dm_whois,domain_name_dm,"whois","whois.dmdomains.dm","Registrar:(.*?)\n","Registrar URL:(.*?)\n","Domain Status:(.*?)https","Name Server:(.*?)\n","Creation Date:(.*?)\n","Updated Date:(.*?)\n","Registry Expiry Date:(.*?)\n"
domain_name_do_whois,domain_name_do,"whois","whois.nic.do","Registrar:(.*?)\n","Registrar URL:(.*?)\n","Domain Status:(.*?)https","Name Server:(.*?)\n","Creation Date:(.*?)\n","Updated Date:(.*?)\n","Registry Expiry Date:(.*?)\n"
domain_name_ee_whois,domain_name_ee,"whois","whois.tld.ee","Registrar:\nname:(.*?)url","url:(.*?)phone","status:(.*?)\n","nserver:(.*?)\n","registered:(.*?)\n","changed:(.*?)expire","expire:(.*?)\n"
domain_name_et_whois,domain_name_et,"whois","whois.ethiotelecom.et","Registrar:(.*?)\n","Registrar URL:(.*?)\n","Domain Status:(.*?)https","Name Server:(.*?)\n","Creation Date:(.*?)\n","Updated Date:(.*?)\n","Registry Expiry Date:(.*?)\n"
domain_name_eu_whois,domain_name_eu,"whois","whois.eu","Name:(.*?)Website","Website:(.*?)Name servers","","Name servers:(.*?)Please visit","","",""
domain_name_fi_whois,domain_name_fi,"whois","whois.fi","registrar\.{2,}:(.*?)\n","www\.{2,}:(.*?)\n","status\.{2,}:(.*?)\n","nserver\.{2,}:(.*?)\[","created\.{2,}:(.*?)\n","modified\.{2,}:(.*?)\n","available\.{2,}:(.*?)\n"
domain_name_fj_whois,domain_name_fj,"whois","whois.fj","Registrar:(.*?)\n","Registrar URL:(.*?)\n","Domain Status:(.*?)https","Name Server:(.*?)\n","Creation Date:(.*?)\n","Updated Date:(.*?)\n","Registry Expiry Date:(.*?)\n"
domain_name_fm_whois,domain_name_fm,"whois","whois.nic.fm","Registrar:(.*?)\n","Registrar URL:(.*?)\n","Domain Status:(.*?)https","Name Server:(.*?)\n","Creation Date:(.*?)\n","Updated Date:(.*?)\n","Registry Expiry Date:(.*?)\n"
domain_name_fo_whois,domain_name_fo,"whois","whois.nic.fo","Registrar:(.*?)\n","Registrar URL:(.*?)\n","Domain Status:(.*?)https","Name Server:(.*?)\n","Creation Date:(.*?)\n","Updated Date:(.*?)\n","Registry Expiry Date:(.*?)\n"
domain_name_fr_whois,domain_name_fr,"whois","whois.nic.fr","registrar:(.*?)\n","website:(.*?)\n","eppstatus:(.*?)\n","nserver:(.*?)\n","created:(.*?)\n","last-update:(.*?)\n","Expiry Date:(.*?)\n"
domain_name_ga_whois,domain_name_ga,"whois","whois.nic.ga","Registrar:(.*?)\n","","Statut:(.*?)\n","Serveur de noms:(.*?)\n","Date de création:(.*?)\n","Dernière modification:(.*?)\n","Date d'expiration:(.*?)\n"
domain_name_gd_whois,domain_name_gd,"whois","whois.nic.gd","Registrar:(.*?)\n","Registrar URL:(.*?)\n","Domain Status:(.*?)https","Name Server:(.*?)\n","Creation Date:(.*?)\n","Updated Date:(.*?)\n","Registry Expiry Date:(.*?)\n"
domain_name_ge_whois,domain_name_ge,"whois","whois.nic.ge","Registrar:(.*?)\n","","Domain Status:(.*?)\n","Name Server:(.*?)\n","Creation Date:(.*?)\n","","Registry Expiry Date:(.*?)\n"
domain_name_gf_whois,domain_name_gf,"whois","whois.mediaserv.net","","","","nameserver:(.*?)\n","","changed:(.*?)nameserver",""
domain_name_gg_whois,domain_name_gg,"whois","whois.gg","Registrar:(.*?)Relevant dates","","Domain Status:(.*?)Registrant","Name servers:(.*?)WHOIS lookup made on","Registered on(.*?)\n","","Registry fee due on(.*?)\n"
domain_name_gh_whois,domain_name_gh,"whois","whois.nic.gh","Sponsoring Registrar:(.*?)\n","Sponsoring Registrar URL:(.*?)\n","Domain Status:(.*?)\n","Name Server:(.*?)\n","Creation Date:(.*?)\n","Updated Date:(.*?)\n","Registry Expiry Date:(.*?)\n"
domain_name_gi_whois,domain_name_gi,"whois","whois.donuts.co","Registrar:(.*?)\n","Registrar URL:(.*?)\n","Domain Status:(.*?)https","Name Server:(.*?)\n","Creation Date:(.*?)\n","Updated Date:(.*?)\n","Registry Expiry Date:(.*?)\n"
domain_name_gl_whois,domain_name_gl,"whois","whois.nic.gl","Registrar:(.*?)\n","Registrar URL:(.*?)\n","Domain Status:(.*?)https","Name Server:(.*?)\n","Creation Date:(.*?)\n","Updated Date:(.*?)\n","Registry Expiry Date:(.*?)\n"
domain_name_gn_whois,domain_name_gn,"whois","whois.ande.gov.gn","Registrar:(.*?)\n","Registrar URL:(.*?)\n","Domain Status:(.*?)https","Name Server:(.*?)\n","Creation Date:(.*?)\n","Updated Date:(.*?)\n","Registry Expiry Date:(.*?)\n"
domain_name_gq_whois,domain_name_gq,"whois","whois.dominio.gq","Registrar:(.*?)\n","Registrar URL:(.*?)\n","Domain Status:(.*?)https","Name Server:(.*?)\n","Creation Date:(.*?)\n","Updated Date:(.*?)\n","Registry Expiry Date:(.*?)\n"
domain_name_gs_whois,domain_name_gs,"whois","whois.nic.gs","Registrar:(.*?)\n","Registrar URL:(.*?)\n","Domain Status:(.*?)https","Name Server:(.*?)\n","Creation Date:(.*?)\n","Updated Date:(.*?)\n","Registry Expiry Date:(.*?)\n"
domain_name_gy_whois,domain_name_gy,"whois","whois.registry.gy","Registrar:(.*?)\n","Registrar URL:(.*?)\n","Domain Status:(.*?)https","Name Server:(.*?)\n","Creation Date:(.*?)\n","Updated Date:(.*?)\n","Registry Expiry Date:(.*?)\n"
domain_name_hk_whois,domain_name_hk,"whois","whois.hkirc.hk","Registrar Name:(.*?)\n","","Domain Status:(.*?)\n","Name Servers Information:(.*?)Status Information","Domain Name Commencement Date:(.*?)\n","","Expiry Date:(.*?)\n"
domain_name_hn_whois,domain_name_hn,"whois","whois.nic.hn","Registrar:(.*?)\n","Registrar URL:(.*?)\n","Domain Status:(.*?)https","Name Server:(.*?)\n","Creation Date:(.*?)\n","Updated Date:(.*?)\n","Registry Expiry Date:(.*?)\n"
domain_name_hr_whois,domain_name_hr,"whois","whois.dns.hr","Registrar:(.*?)\n","Registrar URL:(.*?)\n","Domain Status:(.*?)https","Name Server:(.*?)\n","Creation Date:(.*?)\n","Updated Date:(.*?)\n","Registrar Registration Expiration Date:(.*?)\n"
domain_name_ht_whois,domain_name_ht,"whois","whois.nic.ht","Registrar:(.*?)\n","Registrar URL:(.*?)\n","Domain Status:(.*?)https","Name Server:(.*?)\n","Creation Date:(.*?)\n","Updated Date:(.*?)\n","Registry Expiry Date:(.*?)\n"
domain_name_hu_whois,domain_name_hu,"whois","whois.nic.hu","","","","","record created:(.*?)\n","",""
domain_name_id_whois,domain_name_id,"whois","whois.id","Sponsoring Registrar Organization:(.*?)\n","Sponsoring Registrar URL:(.*?)\n","Status:(.*?)\n","Name Server:(.*?)\n","Created On:(.*?)\n","Last Updated On:(.*?)\n","Expiration Date:(.*?)\n"
domain_name_ie_whois,domain_name_ie,"whois","whois.weare.ie","Registrar:(.*?)\n","Registrar URL:(.*?)\n","Domain Status:(.*?)https","Name Server:(.*?)\n","Creation Date:(.*?)\n","Updated Date:(.*?)\n","Registry Expiry Date:(.*?)\n"
domain_name_il_whois,domain_name_il,"whois","whois.isoc.org.il","registrar name:(.*?)\n","registrar info:(.*?)\n","status:(.*?)\n","nserver:(.*?)(?:\(|\n)","registrar\s+AT\s+\w+[(?:\.\w+)]{2,}(.*?)\(Assigned\)","","validity:(.*?)\n"
domain_name_im_whois,domain_name_im,"whois","whois.nic.im","","","","Name Server:(.*?)\n","","","Expiry Date:(.*?)\n"
domain_name_in_whois,domain_name_in,"whois","whois.registry.in","Registrar:(.*?)\n","Registrar URL:(.*?)\n","Domain Status:(.*?)http","Name Server:(.*?)\n","Creation Date:(.*?)\n","Updated Date:(.*?)\n","Registry Expiry Date:(.*?)\n"
domain_name_io_whois,domain_name_io,"whois","whois.nic.io","Registrar:(.*?)\n","Registrar URL:(.*?)\n","Domain Status:(.*?)https","Name Server:(.*?)\n","Creation Date:(.*?)\n","Updated Date:(.*?)\n","Registry Expiry Date:(.*?)\n"
domain_name_ir_whois,domain_name_ir,"whois","whois.nic.ir","","","","nserver:(.*?)\n","","",""
domain_name_is_whois,domain_name_is,"whois","whois.isnic.is","","","remarks:(.*?)\n","nserver:(.*?)\n","created:(.*?)\n","","expires:(.*?)\n"
domain_name_it_whois,domain_name_it,"whois","whois.nic.it","Registrar\n  Organization:(.*?)\n","Web:(.*?)\n","Status:(.*?)\n","Nameservers(.*?)\n\n","Created:(.*?)\n","Last Update:(.*?)\n","Expire Date:(.*?)\n"
domain_name_je_whois,domain_name_je,"whois","whois.je","Registrar:(.*?)Relevant dates","","Domain Status:(.*?)Registrant","Name servers:(.*?)WHOIS lookup made on","Registered on(.*?)\n","","Registry fee due on(.*?)\n"
domain_name_jp_whois,domain_name_jp,"whois","whois.jprs.jp","","","Status\](.*?)\n","\[Name Server\](.*?)\n","\[Created on\](.*?)\n","\[Last Updated\]\s+(.*?)(?:\(|\n)","\[Expires on\](.*?)\n"
domain_name_ke_whois,domain_name_ke,"whois","whois.kenic.or.ke","Registrar:(.*?)\n","Registrar URL:(.*?)\n","Domain Status:(.*?)https","Name Server:(.*?)\n","Creation Date:(.*?)\n","Updated Date:(.*?)\n","Registry Expiry Date:(.*?)\n"
domain_name_kg_whois,domain_name_kg,"whois","whois.kg","","","Domain\s+[\w+.]{2,}\s+\((.*?)\)","Name servers in the listed order:\n\n(.*?)\n\n","Record created:(.*?)\n","Record last updated on:(.*?)\n","Record expires on:(.*?)\n"
domain_name_ki_whois,domain_name_ki,"whois","whois.nic.ki","Registrar:(.*?)\n","Registrar URL:(.*?)\n","Domain Status:(.*?)https","Name Server:(.*?)\n","Creation Date:(.*?)\n","Updated Date:(.*?)\n","Registry Expiry Date:(.*?)\n"
domain_name_kn_whois,domain_name_kn,"whois","whois.nic.kn","Registrar:(.*?)\n","Registrar URL:(.*?)\n","Domain Status:(.*?)https","Name Server:(.*?)\n","Creation Date:(.*?)\n","Updated Date:(.*?)\n","Registry Expiry Date:(.*?)\n"
domain_name_kr_whois,domain_name_kr,"whois","whois.kr","Authorized Agency\s+:(.*?)\n","","","Host Name\s+:(.*?)\n","Registered Date\s+:(.*?)\n","Last Updated Date\s+:(.*?)\n","Expiration Date\s+:(.*?)\n"
domain_name_kw_whois,domain_name_kw,"whois","whois.nic.kw","Registrar:(.*?)\n","Registrar URL:(.*?)\n","Domain Status:(.*?)https","Name Server:(.*?)\n","Creation Date:(.*?)\n","Updated Date:(.*?)\n","Registry Expiry Date:(.*?)\n"
domain_name_ky_whois,domain_name_ky,"whois","whois.kyregistry.ky","Registrar:(.*?)\n","Registrar URL:(.*?)\n","Domain Status:(.*?)https","Name Server:(.*?)\n","Creation Date:(.*?)\n","Updated Date:(.*?)\n","Registry Expiry Date:(.*?)\n"
domain_name_kz_whois,domain_name_kz,"whois","whois.nic.kz","Current Registar:(.*?)\n","","Domain status\s+:(.*?)Registar created","server[\.]{2,}:(.*?)\n","Domain created:(.*?)(?:\(|\n)","Last modified\s+:(.*?)(?:\(|\n)",""
domain_name_la_whois,domain_name_la,"whois","whois.nic.la","Registrar:(.*?)\n","Registrar URL:(.*?)\n","Domain Status:(.*?)https","Name Server:(.*?)\n","Creation Date:(.*?)\n","Updated Date:(.*?)\n","Registry Expiry Date:(.*?)\n"
domain_name_lb_whois,domain_name_lb,"whois","registry.lbdr.org.lb","Registrar:(.*?)\n","Registrar URL:(.*?)\n","Domain Status:(.*?)https","Name Server:(.*?)\n","Creation Date:(.*?)\n","Updated Date:(.*?)\n","Registry Expiry Date:(.*?)\n"
domain_name_lc_whois,domain_name_lc,"whois","whois.donuts.co","Registrar:(.*?)\n","Registrar URL:(.*?)\n","Domain Status:(.*?)https","Name Server:(.*?)\n","Creation Date:(.*?)\n","Updated Date:(.*?)\n","Registry Expiry Date:(.*?)\n"

domain_name_ls_whois,domain_name_ls,"whois","whois.nic.ls","registrar:(.*?)\n","","","nserver:(.*?)\n","registered:(.*?)\n","","expire:(.*?)\n"
domain_name_lt_whois,domain_name_lt,"whois","whois.domreg.lt","Registrar:(.*?)\n","Registrar website:(.*?)\n","Status:(.*?)\n","Nameserver:(.*?)\n","Registered:(.*?)\n","","Expires:(.*?)\n"
domain_name_lu_whois,domain_name_lu,"whois","whois.dns.lu","registrar-name:(.*?)\n","registrar-url:(.*?)\n","domaintype:(.*?)\n","nserver:(.*?)\n","","",""
domain_name_lv_whois,domain_name_lv,"whois","whois.nic.lv","","","Status:(.*?)\n","Nserver:(.*?)(?:-|\n)","","",""
domain_name_ly_whois,domain_name_ly,"whois","whois.nic.ly","Registrar:(.*?)\n","Registrar URL:(.*?)\n","Domain Status:(.*?)https","Name Server:(.*?)\n","Creation Date:(.*?)\n","Updated Date:(.*?)\n","Registry Expiry Date:(.*?)\n"
domain_name_ma_whois,domain_name_ma,"whois","whois.registre.ma","Registrar:(.*?)\n","Registrar URL:(.*?)\n","Domain Status:(.*?)https","Name Server:(.*?)\n","Creation Date:(.*?)\n","Updated Date:(.*?)\n","Registry Expiry Date:(.*?)\n"
domain_name_md_whois,domain_name_md,"whois","whois.nic.md","","","Domain\s+state(.*?)\n","Nameserver(.*?)\n","Registered on(.*?)\n","","(?:Expires|Expired)\s+on(.*?)\n"
domain_name_me_whois,domain_name_me,"whois","whois.nic.me","Registrar:(.*?)\n","Registrar URL:(.*?)\n","Domain Status:(.*?)https","Name Server:(.*?)\n","Creation Date:(.*?)\n","Updated Date:(.*?)\n","Registry Expiry Date:(.*?)\n"
domain_name_mg_whois,domain_name_mg,"whois","whois.nic.mg","Registrar:(.*?)\n","Registrar URL:(.*?)\n","Domain Status:(.*?)https","Name Server:(.*?)\n","Creation Date:(.*?)\n","Updated Date:(.*?)\n","Registry Expiry Date:(.*?)\n"
domain_name_mk_whois,domain_name_mk,"whois","whois.marnet.mk","registrar:(.*?)\n","","status:(.*?)\n","server:(.*?)\n","registered:(.*?)\n","changed:(.*?)expire:","expire:(.*?)\n"
domain_name_ml_whois,domain_name_ml,"whois","whois.nic.ml","Registrar:(.*?)\n","Registrar URL:(.*?)\n","Domain Status:(.*?)https","Name Server:(.*?)\n","Creation Date:(.*?)\n","Updated Date:(.*?)\n","Registry Expiry Date:(.*?)\n"
domain_name_mn_whois,domain_name_mn,"whois","whois.nic.mn","Registrar:(.*?)\n","Registrar URL:(.*?)\n","Domain Status:(.*?)https","Name Server:(.*?)\n","Creation Date:(.*?)\n","Updated Date:(.*?)\n","Registry Expiry Date:(.*?)\n"
domain_name_mo_whois,domain_name_mo,"whois","whois.monic.mo","","","","Domain name servers:\n\s+-{2,}\n(.*?)\n\n","Record created on(.*?)\n","","Record expires on(.*?)\n"
domain_name_mq_whois,domain_name_mq,"whois","whois.mediaserv.net","","","","nameserver:(.*?)\n","","changed:(.*?)nameserver",""
domain_name_mr_whois,domain_name_mr,"whois","whois.nic.mr","Registrar:(.*?)\n","Registrar URL:(.*?)\n","Domain Status:(.*?)https","Name Server:(.*?)\n","Creation Date:(.*?)\n","Updated Date:(.*?)\n","Registry Expiry Date:(.*?)\n"
domain_name_ms_whois,domain_name_ms,"whois","production.epp.mninet.ms","Registrar:(.*?)\n","Registrar URL:(.*?)\n","Domain Status:(.*?)https","Name Server:(.*?)\n","Creation Date:(.*?)\n","Updated Date:(.*?)\n","Registry Expiry Date:(.*?)\n"
domain_name_mu_whois,domain_name_mu,"whois","whois.nic.mu","Registrar:(.*?)\n","Registrar URL:(.*?)\n","Domain Status:(.*?)https","Name Server:(.*?)\n","Creation Date:(.*?)\n","Updated Date:(.*?)\n","Registry Expiry Date:(.*?)\n"
domain_name_mw_whois,domain_name_mw,"whois","whois.nic.mw","registrar:(.*?)\n","","status:(.*?)\n","nserver:(.*?)\n","registered:(.*?)\n","changed:(.*?)expire","expire:(.*?)\n"
domain_name_mx_whois,domain_name_mx,"whois","whois.mx","Registrar:(.*?)\n","URL:(.*?)\n","","DNS:(.*?)\n","Created On:(.*?)\n","Last Updated On:(.*?)\n","Expiration Date:(.*?)\n"
domain_name_my_whois,domain_name_my,"whois","rdap.mynic.my","Registrar:(.*?)\n","Registrar URL:(.*?)\n","Domain Status:(.*?)https","Name Server:(.*?)\n","Creation Date:(.*?)\n","Updated Date:(.*?)\n","Registry Expiry Date:(.*?)\n"
domain_name_mz_whois,domain_name_mz,"whois","whois.nic.mz","Registrar:(.*?)\n","Registrar URL:(.*?)\n","Domain Status:(.*?)https","Name Server:(.*?)\n","Creation Date:(.*?)\n","Updated Date:(.*?)\n","Registry Expiry Date:(.*?)\n"

domain_name_nc_whois,domain_name_nc,"whois","whois.nc","Registrar\s{2,}:(.*?)\n","","","Domain server\s+\d\s{2,}:(.*?)\n","Created on\s{2,}:(.*?)\n","Last updated on\s{2,}:(.*?)\n","Expires on\s{2,}:(.*?)\n"
domain_name_nf_whois,domain_name_nf,"whois","whois.nic.nf","Registrar:(.*?)\n","Registrar URL:(.*?)\n","Domain Status:(.*?)https","Name Server:(.*?)\n","Creation Date:(.*?)\n","Updated Date:(.*?)\n","Registry Expiry Date:(.*?)\n"
domain_name_ng_whois,domain_name_ng,"whois","whois.nic.net.ng","Registrar:(.*?)\n","Registrar URL:(.*?)\n","Domain Status:(.*?)https","Name Server:(.*?)\n","Creation Date:(.*?)\n","Updated Date:(.*?)\n","Registry Expiry Date:(.*?)\n"
domain_name_nl_whois,domain_name_nl,"whois","whois.domain-registry.nl","Registrar:(?:\r\n|\n)\s{2,}(.*?)\n","","Status:(.*?)\n","Domain nameservers:(.*?)Record maintained by","Creation Date:(.*?)\n","Updated Date:(.*?)\n","Date out of quarantine:(.*?)\n"
domain_name_no_whois,domain_name_no,"whois","whois.norid.no","Registrar Handle\.{2,}:(.*?)\n","","","","Created:(.*?)\n","Last updated:(.*?)\n",""
domain_name_nu_whois,domain_name_nu,"whois","whois.iis.nu","registrar:(.*?)\n","","status:(.*?)\n","nserver:(.*?)\n","created:(.*?)\n","modified:(.*?)\n","expires:(.*?)\n"
domain_name_nz_whois,domain_name_nz,"whois","whois.irs.net.nz","Registrar:(.*?)\n","Registrar URL:(.*?)\n","Domain Status:(.*?)https","Name Server:(.*?)\n","Creation Date:(.*?)\n","Updated Date:(.*?)\n","Registry Expiry Date:(.*?)\n"
domain_name_om_whois,domain_name_om,"whois","whois.registry.om","Registrar:(.*?)\n","Registrar URL:(.*?)\n","Domain Status:(.*?)https","Name Server:(.*?)\n","Creation Date:(.*?)\n","Updated Date:(.*?)\n","Registry Expiry Date:(.*?)\n"
domain_name_pe_whois,domain_name_pe,"whois","kero.yachay.pe","Registrar:(.*?)\n","Registrar URL:(.*?)\n","Domain Status:(.*?)(?:https|\n)","Name Server:(.*?)\n","Creation Date:(.*?)\n","Updated Date:(.*?)\n","Registry Expiry Date:(.*?)\n"
domain_name_pf_whois,domain_name_pf,"whois","whois.registry.pf","Registrar Compagnie Name :(.*?)\n","","Status :(.*?)\n","Name server \d :(.*?)\n","Created \(JJ/MM/AAAA\) :(.*?)\n","Last renewed \(JJ/MM/AAAA\) :(.*?)\n","Expire \(JJ/MM/AAAA\) :(.*?)\n"
domain_name_pk_whois,domain_name_pk,"whois","whois.pknic.net.pk","","","Status:(.*?)\n","Name Server:(.*?)\n","Creation Date:(.*?)\n","","Expiry Date:(.*?)\n"
domain_name_pl_whois,domain_name_pl,"whois","whois.dns.pl","REGISTRAR:[(?:\r|\n)]{1,}\n(.*?)[(?:\r|\n)]{1,}\n","","","nameservers:(.*?)created","created:(.*?)\n","last modified:(.*?)\n","expiration date:(.*?)\n"
domain_name_pm_whois,domain_name_pm,"whois","whois.nic.pm","registrar:(.*?)\n","website:(.*?)\n","eppstatus:(.*?)\n","nserver:(.*?)\n","created:(.*?)\n","last-update:(.*?)\n","Expiry Date:(.*?)\n"

domain_name_pr_whois,domain_name_pr,"whois","whois.afilias-srs.net","Registrar:(.*?)\n","Registrar URL:(.*?)\n","Domain Status:(.*?)https","Name Server:(.*?)\n","Creation Date:(.*?)\n","Updated Date:(.*?)\n","Registry Expiry Date:(.*?)\n"
domain_name_ps_whois,domain_name_ps,"whois","registry.ps","Registrar:(.*?)\n","Registrar URL:(.*?)\n","Domain Status:(.*?)https","Name Server:(.*?)\n","Creation Date:(.*?)\n","Updated Date:(.*?)\n","Registry Expiry Date:(.*?)\n"
domain_name_pt_whois,domain_name_pt,"whois","whois.dns.pt","","","Domain Status:(.*?)\n","Name Server:(.*?)\|","Creation Date:(.*?)\n","","Expiration Date:(.*?)\n"
domain_name_pw_whois,domain_name_pw,"whois","whois.nic.pw","Registrar:(.*?)\n","Registrar URL:(.*?)\n","Domain Status:(.*?)https","Name Server:(.*?)\n","Creation Date:(.*?)\n","Updated Date:(.*?)\n","Registry Expiry Date:(.*?)\n"
domain_name_qa_whois,domain_name_qa,"whois","whois.registry.qa","Registrar Name:(.*?)\n","","Status:(.*?)\n","Name Server:(.*?)\n","","Last Modified:(.*?)\n",""
domain_name_re_whois,domain_name_re,"whois","whois.nic.re","registrar:(.*?)\n","website:(.*?)\n","eppstatus:(.*?)\n","nserver:(.*?)\n","created:(.*?)\n","last-update:(.*?)\n","Expiry Date:(.*?)\n"
domain_name_ro_whois,domain_name_ro,"whois","whois.rotld.ro","Registrar:(.*?)\n","Referral URL:(.*?)\n","Domain Status:(.*?)\n","Nameserver:(.*?)\n","Registered On:(.*?)\n","","Expires On:(.*?)\n"
domain_name_rs_whois,domain_name_rs,"whois","whois.rnids.rs","Registrar:(.*?)\n","Registrar URL:(.*?)\n","Domain Status:(.*?)https","DNS:(.*?)-","Registration date:(.*?)\n","Modification date:(.*?)\n","Expiration date:(.*?)\n"
domain_name_ru_whois,domain_name_ru,"whois","whois.tcinet.ru","registrar:(.*?)\n","","state:(.*?)\n","nserver:(.*?)\n","created:(.*?)\n","","free-date:(.*?)\n"
domain_name_rw_whois,domain_name_rw,"whois","whois.ricta.org.rw","Registrar:(.*?)\n","Registrar URL:(.*?)\n","Domain Status:(.*?)https","Name Server:(.*?)\n","Creation Date:(.*?)\n","Updated Date:(.*?)\n","Registry Expiry Date:(.*?)\n"
domain_name_sa_whois,domain_name_sa,"whois","whois.nic.net.sa","","","","Name Servers:(.*?)DNSSEC","","",""
domain_name_sb_whois,domain_name_sb,"whois","whois.nic.net.sb","Registrar:(.*?)\n","Registrar URL:(.*?)\n","Domain Status:(.*?)https","Name Server:(.*?)\n","Creation Date:(.*?)\n","Updated Date:(.*?)\n","Registry Expiry Date:(.*?)\n"
domain_name_sc_whois,domain_name_sc,"whois","whois.donuts.co","Registrar:(.*?)\n","Registrar URL:(.*?)\n","Domain Status:(.*?)https","Name Server:(.*?)\n","Creation Date:(.*?)\n","Updated Date:(.*?)\n","Registry Expiry Date:(.*?)\n"
domain_name_sd_whois,domain_name_sd,"whois","whois.nic.sd","Registrar:(.*?)\n","Registrar URL:(.*?)\n","Domain Status:(.*?)https","Name Server:(.*?)\n","Creation Date:(.*?)\n","Updated Date:(.*?)\n","Registry Expiry Date:(.*?)\n"
domain_name_se_whois,domain_name_se,"whois","whois.iis.se","registrar:(.*?)\n","","status:(.*?)\n","nserver:(.*?)\n","created:(.*?)\n","modified:(.*?)\n","expires:(.*?)\n"
domain_name_sg_whois,domain_name_sg,"whois","whois.sgnic.sg","Registrar:(.*?)\n","Registrar URL:(.*?)\n","Domain Status:(.*?)https","Name Server:(.*?)\n","Creation Date:(.*?)\n","Updated Date:(.*?)\n","Registry Expiry Date:(.*?)\n"
domain_name_sh_whois,domain_name_sh,"whois","whois.nic.sh","Registrar:(.*?)\n","Registrar URL:(.*?)\n","Domain Status:(.*?)https","Name Server:(.*?)\n","Creation Date:(.*?)\n","Updated Date:(.*?)\n","Registry Expiry Date:(.*?)\n"
domain_name_si_whois,domain_name_si,"whois","whois.register.si","registrar:(.*?)\n","registrar-url:(.*?)\n","status:(.*?)\n","nameserver:(.*?)\n","created:(.*?)\n","","expire:(.*?)\n"
domain_name_sk_whois,domain_name_sk,"whois","whois.sk-nic.sk","Registrar:(.*?)\n","","Domain Status:(.*?)\n","Nameserver:(.*?)\n","Created:(.*?)\n","Updated:(.*?)\n","Valid Until:(.*?)\n"
domain_name_sl_whois,domain_name_sl,"whois","whois.nic.sl","Registrar:(.*?)\n","Registrar URL:(.*?)\n","Domain Status:(.*?)https","Name Server:(.*?)\n","Creation Date:(.*?)\n","Updated Date:(.*?)\n","Registry Expiry Date:(.*?)\n"
domain_name_sm_whois,domain_name_sm,"whois","whois.nic.sm","","","Status:(.*?)\n","DNS Servers:(.+)","Registration date:(.*?)\n","",""
domain_name_sn_whois,domain_name_sn,"whois","whois.nic.sn","Registrar:(.*?)\n","","Statut:(.*?)\n","Serveur de noms:(.*?)\n","Date de création:(.*?)\n","Dernière modification:(.*?)\n","Date d'expiration: (.*?)\n"
domain_name_so_whois,domain_name_so,"whois","whois.nic.so","Registrar:(.*?)\n","Registrar URL:(.*?)\n","Domain Status:(.*?)https","Name Server:(.*?)\n","Creation Date:(.*?)\n","Updated Date:(.*?)\n","Registry Expiry Date:(.*?)\n"
domain_name_ss_whois,domain_name_ss,"whois","whois.nic.ss","Registrar:(.*?)\n","Registrar URL:(.*?)\n","Domain Status:(.*?)https","Name Server:(.*?)\n","Creation Date:(.*?)\n","Updated Date:(.*?)\n","Registry Expiry Date:(.*?)\n"
domain_name_st_whois,domain_name_st,"whois","whois.nic.st","Registrar:(.*?)\n","URL:(.*?)\n","Status:(.*?)\n","Name Server:(.*?)\n","Creation Date:(.*?)\n","Updated Date:(.*?)\n","Expiration Date:(.*?)\n"
domain_name_su_whois,domain_name_su,"whois","whois.tcinet.ru","registrar:(.*?)\n","","state:(.*?)\n","nserver:(.*?)\n","created:(.*?)\n","","free-date:(.*?)\n"
domain_name_sx_whois,domain_name_sx,"whois","whois.sx","Registrar:(.*?)\n","Registrar URL:(.*?)\n","Domain Status:(.*?)https","Name Server:(.*?)\n","Creation Date:(.*?)\n","Updated Date:(.*?)\n","Registry Expiry Date:(.*?)\n"
domain_name_sy_whois,domain_name_sy,"whois","whois.tld.sy","Registrar:(.*?)\n","Registrar URL:(.*?)\n","Domain Status:(.*?)\n","Name Server:(.*?)\n","Creation Date:(.*?)\n","Updated Date:(.*?)\n","Registry Expiry Date:(.*?)\n"
domain_name_tc_whois,domain_name_tc,"whois","whois.nic.tc","Registrar:(.*?)\n","Registrar URL:(.*?)\n","Domain Status:(.*?)\n","Name Server:(.*?)\n","Creation Date:(.*?)\n","Updated Date:(.*?)\n","Registry Expiry Date:(.*?)\n"
domain_name_td_whois,domain_name_td,"whois","whois.nic.td","Registrar:(.*?)\n","Registrar URL:(.*?)\n","Domain Status:(.*?)https","Name Server:(.*?)\n","Creation Date:(.*?)\n","Updated Date:(.*?)\n","Registry Expiry Date:(.*?)\n"
domain_name_tf_whois,domain_name_tf,"whois","whois.nic.tf","registrar:(.*?)\n","website:(.*?)\n","eppstatus:(.*?)\n","nserver:(.*?)\n","created:(.*?)\n","last-update:(.*?)\n","Expiry Date:(.*?)\n"
domain_name_tg_whois,domain_name_tg,"whois","whois.nic.tg","Registrar:\.{2,}(.*?)\n","","Status:\.{2,}(.*?)\n","Name Server \(DB\):(?:\.{1,})(.*?)\n","","","Expiration:\.{2,}(.*?)\n"
domain_name_th_whois,domain_name_th,"whois","whois.thnic.co.th","Registrar:(.*?)\n","","Status:(.*?)\n","Name Server:(.*?)\n","Created date:(.*?)\n","Updated date:(.*?)\n","Exp date:(.*?)\n"

domain_name_tl_whois,domain_name_tl,"whois","whois.nic.tl","Registrar:(.*?)\n","Registrar URL:(.*?)\n","Domain Status:(.*?)https","Name Server:(.*?)\n","Creation Date:(.*?)\n","Updated Date:(.*?)\n","Registry Expiry Date:(.*?)\n"
domain_name_tm_whois,domain_name_tm,"whois","whois.nic.tm","","","Status :(.*?)\n","NS\s\d\s{2,}(.*?)\n","","","Expiry :(.*?)\n"
domain_name_tn_whois,domain_name_tn,"whois","whois.ati.tn","Registrar\.{2,}:(.*?)\n","","Domain status\.{2,}:(.*?)\n","DNS servers(.*?)\n\n","Creation date\.{2,}:(.*?)\n","",""

domain_name_tr_whois,domain_name_tr,"whois","whois.trabis.gov.tr","Organization Name\s+:(.*?)\n","","Domain Status:(.*?)\n","Domain Servers:(.*?)\*\* Additional Info:","Created on\.{2,}:(.*?)(?:\.|\n)","","Expires on\.{2,}:(.*?)(?:\.|\n)"
domain_name_tv_whois,domain_name_tv,"whois","whois.nic.tv","Registrar:(.*?)\n","Registrar URL:(.*?)\n","Domain Status:(.*?)https","Name Server:(.*?)\n","Creation Date:(.*?)\n","Updated Date:(.*?)\n","Registry Expiry Date:(.*?)\n"
domain_name_tw_whois,domain_name_tw,"whois","whois.twnic.net.tw","Registration Service Provider:(.*?)\n","Registration Service URL:(.*?)\n","Domain Status:(.*?)\n","Domain servers in listed order:(.*?)Registration Service Provider","Record created on(.*?)(?:\(|\n)",""," Record expires on(.*?)(?:\(|\n)"
domain_name_tz_whois,domain_name_tz,"whois","whois.tznic.or.tz","registrar:(.*?)\n","","","nserver:(.*?)\n","registered:(.*?)\n","","expire:(.*?)\n"
domain_name_ua_whois,domain_name_ua,"whois","whois.ua","={1,}(?:\r\n|\n)registrar:(.*?)\n","url:(.*?)\n","status:(.*?)\n","nserver:(.*?)\n","created:(.*?)(?:\+|\n)","modified:(.*?)(?:\+|\n)","expires:(.*?)(?:\+|\n)"
domain_name_ug_whois,domain_name_ug,"whois","whois.co.ug","","","Status:(.*?)\n","Nameserver:(.*?)\n","Registered On:(.*?)\n","","Expires On:(.*?)\n"
domain_name_uk_whois,domain_name_uk,"whois","whois.nic.uk","Registrar:(.*?)URL:","URL:(.*?)\n","","Name servers(.*?)WHOIS lookup made at","Registered on:(.*?)\n","Last updated:(.*?)\n","Expiry date:(.*?)\n"
domain_name_us_whois,domain_name_us,"whois","whois.nic.us","Registrar:(.*?)\n","Registrar URL:(.*?)\n","Domain Status:(.*?)https","Name Server:(.*?)\n","Creation Date:(.*?)\n","Updated Date:(.*?)\n","Registry Expiry Date:(.*?)\n"
domain_name_uz_whois,domain_name_uz,"whois","whois.cctld.uz","Registrar:(.*?)\n","Referral URL:(.*?)\n","Status:(.*?)\n","Domain servers in listed order:(.*?)Administrative Contact","Creation Date:(.*?)\n","Updated Date:(.*?)\n","Expiration Date:(.*?)\n"
domain_name_vc_whois,domain_name_vc,"whois","whois.donuts.co","Registrar:(.*?)\n","Registrar URL:(.*?)\n","Domain Status:(.*?)https","Name Server:(.*?)\n","Creation Date:(.*?)\n","Updated Date:(.*?)\n","Registry Expiry Date:(.*?)\n"
domain_name_ve_whois,domain_name_ve,"whois","whois.nic.ve","registrar:(.*?)\n","","status:(.*?)\n","nserver:(.*?)\n","registered:(.*?)\n","changed:(.*?)expire","expire:(.*?)\n"
domain_name_vg_whois,domain_name_vg,"whois","whois.nic.vg","Registrar:(.*?)\n","Registrar URL:(.*?)\n","Domain Status:(.*?)https","Name Server:(.*?)\n","Creation Date:(.*?)\n","Updated Date:(.*?)\n","Registry Expiry Date:(.*?)\n"
domain_name_vi_whois,domain_name_vi,"whois","virgil.nic.vi","Registrar:(.*?)\n","Registrar URL:(.*?)\n","Domain Status:(.*?)https","Name Server:(.*?)\n","Creation Date:(.*?)\n","Updated Date:(.*?)\n","Registry Expiry Date:(.*?)\n"
domain_name_vu_whois,domain_name_vu,"whois","whois.dnrs.vu","Registrar:(.*?)\n","Registrar URL:(.*?)\n","Domain Status:(.*?)https","Name Server:(.*?)\n","Creation Date:(.*?)\n","Updated Date:(.*?)\n","Registry Expiry Date:(.*?)\n"
domain_name_wf_whois,domain_name_wf,"whois","whois.nic.wf","registrar:(.*?)\n","website:(.*?)\n","eppstatus:(.*?)\n","nserver:(.*?)\n","created:(.*?)\n","last-update:(.*?)\n","Expiry Date:(.*?)\n"
domain_name_ws_whois,domain_name_ws,"whois","whois.website.ws","Registrar:(.*?)\n","Registrar URL:(.*?)\n","Domain Status:(.*?)\n","Name Server:(.*?)\n","Creation Date:(.*?)\n","Updated Date:(.*?)\n","(?:Registry Expiry Date|Expiration Date):(.*?)\n"
domain_name_yt_whois,domain_name_yt,"whois","whois.nic.yt","registrar:(.*?)\n","website:(.*?)\n","eppstatus:(.*?)\n","nserver:(.*?)\n","created:(.*?)\n","last-update:(.*?)\n","Expiry Date:(.*?)\n"
domain_name_zm_whois,domain_name_zm,"whois","whois.zicta.zm","Registrar:(.*?)\n","Registrar URL:(.*?)\n","Domain Status:(.*?)https","Name Server:(.*?)\n","Creation Date:(.*?)\n","Updated Date:(.*?)\n","Registry Expiry Date:(.*?)\n"
domain_name_ye_whois,domain_name_ye,"whois","whois.y.net.ye","(?:Registrar|Registrar Name):(.*?)\n","Registrar URL:(.*?)\n","Domain Status:(.*?)https","Name Server:(.*?)\n","Creation Date:(.*?)\n","Updated Date:(.*?)\n","Registry Expiry Date:(.*?)\n"



domain_name_ac_za_whois,domain_name_ac_za,"whois","whois.ac.za","Registrar:(.*?)\n","Registrar URL:(.*?)\n","Domain Status:(.*?)(?:https|\n)","Name Server:(.*?)\n","Creation Date:(.*?)\n","Updated Date:(.*?)\n","Registry Expiry Date:(.*?)\n"
domain_name_co_za_whois,domain_name_co_za,"whois","whois.registry.net.za","Registrar:(.*?)\n","Registrar URL:(.*?)\n","Domain Status:(.*?)(?:https|\n)","Name Server:(.*?)\n","Creation Date:(.*?)\n","Updated Date:(.*?)\n","Registry Expiry Date:(.*?)\n"
domain_name_net_za_whois,domain_name_net_za,"whois","net-whois.registry.net.za","Registrar:(.*?)\n","Registrar URL:(.*?)\n","Domain Status:(.*?)(?:https|\n)","Name Server:(.*?)\n","Creation Date:(.*?)\n","Updated Date:(.*?)\n","Registry Expiry Date:(.*?)\n"
domain_name_org_za_whois,domain_name_org_za,"whois","org-whois.registry.net.za","Registrar:(.*?)\n","Registrar URL:(.*?)\n","Domain Status:(.*?)(?:https|\n)","Name Server:(.*?)\n","Creation Date:(.*?)\n","Updated Date:(.*?)\n","Registry Expiry Date:(.*?)\n"
domain_name_web_za_whois,domain_name_web_za,"whois","web-whois.registry.net.za","Registrar:(.*?)\n","Registrar URL:(.*?)\n","Domain Status:(.*?)(?:https|\n)","Name Server:(.*?)\n","Creation Date:(.*?)\n","Updated Date:(.*?)\n","Registry Expiry Date:(.*?)\n"
domain_name_gov_za_whois,domain_name_gov_za,"whois","whois.gov.za","","","","NS\s+:(.*?)\n","","",""

domain_name_br_com_whois,domain_name_br_com,"whois","whois.centralnic.net","Registrar:(.*?)\n","Registrar URL:(.*?)\n","Domain Status:(.*?)(?:https|\n)","Name Server:(.*?)\n","Creation Date:(.*?)\n","Updated Date:(.*?)\n","Registry Expiry Date:(.*?)\n"
domain_name_cn_com_whois,domain_name_cn_com,"whois","whois.centralnic.net","Registrar:(.*?)\n","Registrar URL:(.*?)\n","Domain Status:(.*?)(?:https|\n)","Name Server:(.*?)\n","Creation Date:(.*?)\n","Updated Date:(.*?)\n","Registry Expiry Date:(.*?)\n"
domain_name_de_com_whois,domain_name_de_com,"whois","whois.centralnic.net","Registrar:(.*?)\n","Registrar URL:(.*?)\n","Domain Status:(.*?)(?:https|\n)","Name Server:(.*?)\n","Creation Date:(.*?)\n","Updated Date:(.*?)\n","Registry Expiry Date:(.*?)\n"
domain_name_eu_com_whois,domain_name_eu_com,"whois","whois.centralnic.net","Registrar:(.*?)\n","Registrar URL:(.*?)\n","Domain Status:(.*?)(?:https|\n)","Name Server:(.*?)\n","Creation Date:(.*?)\n","Updated Date:(.*?)\n","Registry Expiry Date:(.*?)\n"
domain_name_gb_net_whois,domain_name_gb_net,"whois","whois.centralnic.net","Registrar:(.*?)\n","Registrar URL:(.*?)\n","Domain Status:(.*?)(?:https|\n)","Name Server:(.*?)\n","Creation Date:(.*?)\n","Updated Date:(.*?)\n","Registry Expiry Date:(.*?)\n"
domain_name_gr_com_whois,domain_name_gr_com,"whois","whois.centralnic.net","Registrar:(.*?)\n","Registrar URL:(.*?)\n","Domain Status:(.*?)(?:https|\n)","Name Server:(.*?)\n","Creation Date:(.*?)\n","Updated Date:(.*?)\n","Registry Expiry Date:(.*?)\n"
domain_name_in_net_whois,domain_name_in_net,"whois","whois.centralnic.net","Registrar:(.*?)\n","Registrar URL:(.*?)\n","Domain Status:(.*?)(?:https|\n)","Name Server:(.*?)\n","Creation Date:(.*?)\n","Updated Date:(.*?)\n","Registry Expiry Date:(.*?)\n"
domain_name_ru_com_whois,domain_name_ru_com,"whois","whois.centralnic.net","Registrar:(.*?)\n","Registrar URL:(.*?)\n","Domain Status:(.*?)(?:https|\n)","Name Server:(.*?)\n","Creation Date:(.*?)\n","Updated Date:(.*?)\n","Registry Expiry Date:(.*?)\n"
domain_name_sa_com_whois,domain_name_sa_com,"whois","whois.centralnic.net","Registrar:(.*?)\n","Registrar URL:(.*?)\n","Domain Status:(.*?)(?:https|\n)","Name Server:(.*?)\n","Creation Date:(.*?)\n","Updated Date:(.*?)\n","Registry Expiry Date:(.*?)\n"
domain_name_se_net_whois,domain_name_se_net,"whois","whois.centralnic.net","Registrar:(.*?)\n","Registrar URL:(.*?)\n","Domain Status:(.*?)(?:https|\n)","Name Server:(.*?)\n","Creation Date:(.*?)\n","Updated Date:(.*?)\n","Registry Expiry Date:(.*?)\n"
domain_name_uk_com_whois,domain_name_uk_com,"whois","whois.centralnic.net","Registrar:(.*?)\n","Registrar URL:(.*?)\n","Domain Status:(.*?)(?:https|\n)","Name Server:(.*?)\n","Creation Date:(.*?)\n","Updated Date:(.*?)\n","Registry Expiry Date:(.*?)\n"
domain_name_uk_net_whois,domain_name_uk_net,"whois","whois.centralnic.net","Registrar:(.*?)\n","Registrar URL:(.*?)\n","Domain Status:(.*?)(?:https|\n)","Name Server:(.*?)\n","Creation Date:(.*?)\n","Updated Date:(.*?)\n","Registry Expiry Date:(.*?)\n"
domain_name_us_com_whois,domain_name_us_com,"whois","whois.centralnic.net","Registrar:(.*?)\n","Registrar URL:(.*?)\n","Domain Status:(.*?)(?:https|\n)","Name Server:(.*?)\n","Creation Date:(.*?)\n","Updated Date:(.*?)\n","Registry Expiry Date:(.*?)\n"
domain_name_za_com_whois,domain_name_za_com,"whois","whois.centralnic.net","Registrar:(.*?)\n","Registrar URL:(.*?)\n","Domain Status:(.*?)(?:https|\n)","Name Server:(.*?)\n","Creation Date:(.*?)\n","Updated Date:(.*?)\n","Registry Expiry Date:(.*?)\n"
domain_name_jpn_com_whois,domain_name_jpn_com,"whois","whois.centralnic.net","Registrar:(.*?)\n","Registrar URL:(.*?)\n","Domain Status:(.*?)(?:https|\n)","Name Server:(.*?)\n","Creation Date:(.*?)\n","Updated Date:(.*?)\n","Registry Expiry Date:(.*?)\n"
domain_name_it_com_whois,domain_name_it_com,"whois","whois.it.com","Registrar:(.*?)\n","Registrar URL:(.*?)\n","Domain Status:(.*?)(?:https|\n)","Name Server:(.*?)\n","Creation Date:(.*?)\n","Updated Date:(.*?)\n","Registry Expiry Date:(.*?)\n"

domain_name_priv_at_whois,domain_name_priv_at,"whois","whois.nic.priv.at","","","","nserver:(.*?)\n","","",""
domain_name_co_ca_whois,domain_name_co_ca,"whois","whois.co.ca","Registrar:(.*?)\n","Registrar URL:(.*?)\n","Domain Status:(.*?)(?:https|\n)","Name Server:(.*?)\n","Creation Date:(.*?)\n","Updated Date:(.*?)\n","Registry Expiry Date:(.*?)\n"
domain_name_co_pl_whois,domain_name_co_pl,"whois","whois.co.pl","","","Status\.{1,}:(.*?)\n","NS\.{1,}:(.*?)\n","Created:(.*?)\n","LastMod:(.*?)\n","Expires:(.*?)\n"
domain_name_ac_uk_whois,domain_name_ac_uk,"whois","whois.ac.uk","","","","Servers:(.*?)Registrant","Entry created:(.+)","Entry updated:(.*?)Entry created","Renewal date:(.*?)(?:Entry updated|Entry created)"
domain_name_gov_uk_whois,domain_name_gov_uk,"whois","whois.gov.uk","","","","Servers:(.*?)Registrant","Entry created:(.+)","Entry updated:(.*?)Entry created","Renewal date:(.*?)(?:Entry updated|Entry created)"

domain_name_com_uz_whois,domain_name_com_uz,"whois","whois.reg.uz","Registrar:(.*?)\n","Registrar URL:(.*?)\n","(?:Domain Status|STATUS):(.*?)(?:https|\n)","Name Server:(.*?)\n","Creation Date:(.*?)\n","Updated Date:(.*?)\n","(?:Expiration Date|Registry Expiry Date):(.*?)\n"
domain_name_co_uz_whois,domain_name_co_uz,"whois","whois.reg.uz","Registrar:(.*?)\n","Registrar URL:(.*?)\n","(?:Domain Status|STATUS):(.*?)(?:https|\n)","Name Server:(.*?)\n","Creation Date:(.*?)\n","Updated Date:(.*?)\n","(?:Expiration Date|Registry Expiry Date):(.*?)\n"
domain_name_net_uz_whois,domain_name_net_uz,"whois","whois.reg.uz","Registrar:(.*?)\n","Registrar URL:(.*?)\n","(?:Domain Status|STATUS):(.*?)(?:https|\n)","Name Server:(.*?)\n","Creation Date:(.*?)\n","Updated Date:(.*?)\n","(?:Expiration Date|Registry Expiry Date):(.*?)\n"
domain_name_org_uz_whois,domain_name_org_uz,"whois","whois.reg.uz","Registrar:(.*?)\n","Registrar URL:(.*?)\n","(?:Domain Status|STATUS):(.*?)(?:https|\n)","Name Server:(.*?)\n","Creation Date:(.*?)\n","Updated Date:(.*?)\n","(?:Expiration Date|Registry Expiry Date):(.*?)\n"

domain_name_ac_ru_whois,domain_name_ac_ru,"whois","whois.free.net","registrar:(.*?)\n","","status:(.*?)\n","nserver:(.*?)\n","created:(.*?)\n","updated:(.*?)\n",""
domain_name_com_ru_whois,domain_name_com_ru,"whois","whois.flexireg.net","Registrar:(.*?)\n","Registrar URL:(.*?)\n","(?:Domain Status|STATUS):(.*?)(?:https|\n)","Name Server:(.*?)\n","Creation Date:(.*?)\n","Updated Date:(.*?)\n","(?:Expiration Date|Registry Expiry Date):(.*?)\n"
domain_name_msk_ru_whois,domain_name_msk_ru,"whois","whois.flexireg.net","Registrar:(.*?)\n","Registrar URL:(.*?)\n","(?:Domain Status|STATUS):(.*?)(?:https|\n)","Name Server:(.*?)\n","Creation Date:(.*?)\n","Updated Date:(.*?)\n","(?:Expiration Date|Registry Expiry Date):(.*?)\n"
domain_name_nov_ru_whois,domain_name_nov_ru,"whois","whois.flexireg.net","Registrar:(.*?)\n","Registrar URL:(.*?)\n","(?:Domain Status|STATUS):(.*?)(?:https|\n)","Name Server:(.*?)\n","Creation Date:(.*?)\n","Updated Date:(.*?)\n","(?:Expiration Date|Registry Expiry Date):(.*?)\n"
domain_name_spb_ru_whois,domain_name_spb_ru,"whois","whois.flexireg.net","Registrar:(.*?)\n","Registrar URL:(.*?)\n","(?:Domain Status|STATUS):(.*?)(?:https|\n)","Name Server:(.*?)\n","Creation Date:(.*?)\n","Updated Date:(.*?)\n","(?:Expiration Date|Registry Expiry Date):(.*?)\n"
domain_name_net_ru_whois,domain_name_net_ru,"whois","whois.nic.net.ru","registrar:(.*?)\n","","state:(.*?)\n","nserver:(.*?)\n","created:(.*?)\n","","free-date:(.*?)\n"
domain_name_org_ru_whois,domain_name_org_ru,"whois","whois.nic.net.ru","registrar:(.*?)\n","","state:(.*?)\n","nserver:(.*?)\n","created:(.*?)\n","","free-date:(.*?)\n"
domain_name_pp_ru_whois,domain_name_pp_ru,"whois","whois.nic.net.ru","registrar:(.*?)\n","","state:(.*?)\n","nserver:(.*?)\n","created:(.*?)\n","","free-date:(.*?)\n"



domain_name_iana_whois,domain_name_iana,"whois","whois.iana.org","Registrar:(.*?)\n","Registrar URL:(.*?)\n","Domain Status:(.*?)https","Name Server:(.*?)\n","Creation Date:(.*?)\n","Updated Date:(.*?)\n","Registry Expiry Date:(.*?)\n"